{
	"credit": "Made with Blockbench",
	"texture_size": [64, 64],
	"textures": {
		"0": "abyssion_texture/abyssion_head",
		"particle": "abyssion_texture/abyssion_head"
	},
	"elements": [
		{
			"from": [3.5, 3.5, 3.5],
			"to": [12.5, 12.5, 12.5],
			"rotation": {"angle": 0, "axis": "y", "origin": [7.5, 8, 8]},
			"faces": {
				"north": {"uv": [0, 0, 2.25, 2.25], "texture": "#0"},
				"east": {"uv": [0, 2.5, 2.25, 4.75], "texture": "#0"},
				"south": {"uv": [2.5, 0, 4.75, 2.25], "texture": "#0"},
				"west": {"uv": [2.5, 2.5, 4.75, 4.75], "texture": "#0"},
				"up": {"uv": [2.25, 7.25, 0, 5], "texture": "#0"},
				"down": {"uv": [7.25, 0, 5, 2.25], "texture": "#0"}
			}
		},
		{
			"from": [3.5, 5.5, 12.5],
			"to": [12.5, 10.5, 13.5],
			"rotation": {"angle": 0, "axis": "y", "origin": [7.5, 8, 8]},
			"faces": {
				"north": {"uv": [7.25, 2.5, 9.5, 3.75], "texture": "#0"},
				"east": {"uv": [2.25, 11.75, 2.5, 13], "texture": "#0"},
				"south": {"uv": [7.5, 0, 9.75, 1.25], "texture": "#0"},
				"west": {"uv": [2.75, 11.75, 3, 13], "texture": "#0"},
				"up": {"uv": [3.5, 10.75, 1.25, 10.5], "texture": "#0"},
				"down": {"uv": [8.5, 10.5, 6.25, 10.75], "texture": "#0"}
			}
		},
		{
			"from": [5.5, 12.5, 3.5],
			"to": [10.5, 14.5, 12.5],
			"rotation": {"angle": 0, "axis": "y", "origin": [7.5, 8, 8]},
			"faces": {
				"north": {"uv": [7.25, 4, 8.5, 4.5], "texture": "#0"},
				"east": {"uv": [9.25, 8.5, 11.5, 9], "texture": "#0"},
				"south": {"uv": [9.75, 3.25, 11, 3.75], "texture": "#0"},
				"west": {"uv": [8.75, 9.25, 11, 9.75], "texture": "#0"},
				"up": {"uv": [6, 9.5, 4.75, 7.25], "texture": "#0"},
				"down": {"uv": [1.25, 7.5, 0, 9.75], "texture": "#0"}
			}
		},
		{
			"from": [8, 14.5, 3.5],
			"to": [8, 18.5, 13.5],
			"rotation": {"angle": 0, "axis": "y", "origin": [10, 8, 8]},
			"faces": {
				"north": {"uv": [0.5, 12.25, 0.5, 13.25], "texture": "#0"},
				"east": {"uv": [9.25, 4, 11.75, 5], "texture": "#0"},
				"south": {"uv": [8.75, 12.25, 8.75, 13.25], "texture": "#0"},
				"west": {"uv": [9.25, 5.25, 11.75, 6.25], "texture": "#0"},
				"up": {"uv": [9, 14.75, 9, 12.25], "texture": "#0"},
				"down": {"uv": [9.25, 12.25, 9.25, 14.75], "texture": "#0"}
			}
		},
		{
			"from": [3.5, 8.5, 1.5],
			"to": [12.5, 12.5, 3.5],
			"rotation": {"angle": 0, "axis": "y", "origin": [7.5, 8, 8]},
			"faces": {
				"north": {"uv": [6.25, 9.25, 8.5, 10.25], "texture": "#0"},
				"east": {"uv": [7, 11, 7.5, 12], "texture": "#0"},
				"south": {"uv": [9.25, 6.5, 11.5, 7.5], "texture": "#0"},
				"west": {"uv": [7.75, 11, 8.25, 12], "texture": "#0"},
				"up": {"uv": [9.75, 2, 7.5, 1.5], "texture": "#0"},
				"down": {"uv": [11.5, 7.75, 9.25, 8.25], "texture": "#0"}
			}
		},
		{
			"from": [6.5, 3.5, 1.5],
			"to": [9.5, 8.5, 3.5],
			"rotation": {"angle": 0, "axis": "y", "origin": [7.5, 8, 8]},
			"faces": {
				"north": {"uv": [1.5, 7.5, 2.25, 8.75], "texture": "#0"},
				"east": {"uv": [6.25, 7.25, 6.75, 8.5], "texture": "#0"},
				"south": {"uv": [1.5, 9, 2.25, 10.25], "texture": "#0"},
				"west": {"uv": [10, 10, 10.5, 11.25], "texture": "#0"},
				"up": {"uv": [12.25, 10.5, 11.5, 10], "texture": "#0"},
				"down": {"uv": [12.25, 10.75, 11.5, 11.25], "texture": "#0"}
			}
		},
		{
			"from": [11.5, 8.5, 5.25],
			"to": [13.5, 11.5, 9.25],
			"rotation": {"angle": 22.5, "axis": "y", "origin": [13.5, 8, 8]},
			"faces": {
				"north": {"uv": [4, 11.5, 4.5, 12.25], "texture": "#0"},
				"east": {"uv": [2.5, 9.5, 3.5, 10.25], "texture": "#0"},
				"south": {"uv": [4.75, 11.5, 5.25, 12.25], "texture": "#0"},
				"west": {"uv": [9.75, 2.25, 10.75, 3], "texture": "#0"},
				"up": {"uv": [11.25, 11, 10.75, 10], "texture": "#0"},
				"down": {"uv": [0.5, 11, 0, 12], "texture": "#0"}
			}
		},
		{
			"from": [12.5, 9, 9.25],
			"to": [13.5, 11, 13.25],
			"rotation": {"angle": 22.5, "axis": "y", "origin": [13.5, 8, 8]},
			"faces": {
				"north": {"uv": [8.75, 4, 9, 4.5], "texture": "#0"},
				"east": {"uv": [3.75, 10.75, 4.75, 11.25], "texture": "#0"},
				"south": {"uv": [11.75, 2.5, 12, 3], "texture": "#0"},
				"west": {"uv": [5, 10.75, 6, 11.25], "texture": "#0"},
				"up": {"uv": [12, 7.5, 11.75, 6.5], "texture": "#0"},
				"down": {"uv": [12, 7.75, 11.75, 8.75], "texture": "#0"}
			}
		},
		{
			"from": [12.03544, 4.5, 5.44186],
			"to": [14.03544, 7.5, 9.44186],
			"rotation": {"angle": 22.5, "axis": "y", "origin": [13.28544, 6, 9.44186]},
			"faces": {
				"north": {"uv": [5.5, 11.5, 6, 12.25], "texture": "#0"},
				"east": {"uv": [3.75, 9.75, 4.75, 10.5], "texture": "#0"},
				"south": {"uv": [10, 11.5, 10.5, 12.25], "texture": "#0"},
				"west": {"uv": [5, 9.75, 6, 10.5], "texture": "#0"},
				"up": {"uv": [11.5, 3, 11, 2], "texture": "#0"},
				"down": {"uv": [6.75, 11, 6.25, 12], "texture": "#0"}
			}
		},
		{
			"from": [13.03544, 5, 9.44186],
			"to": [14.03544, 7, 13.44186],
			"rotation": {"angle": 22.5, "axis": "y", "origin": [13.28544, 6, 9.44186]},
			"faces": {
				"north": {"uv": [12.25, 2.5, 12.5, 3], "texture": "#0"},
				"east": {"uv": [0.75, 11, 1.75, 11.5], "texture": "#0"},
				"south": {"uv": [7.25, 12.25, 7.5, 12.75], "texture": "#0"},
				"west": {"uv": [2, 11, 3, 11.5], "texture": "#0"},
				"up": {"uv": [12.25, 5, 12, 4], "texture": "#0"},
				"down": {"uv": [12.25, 5.25, 12, 6.25], "texture": "#0"}
			}
		},
		{
			"from": [2.5, 8.5, 5.25],
			"to": [4.5, 11.5, 9.25],
			"rotation": {"angle": -22.5, "axis": "y", "origin": [2.5, 8, 8]},
			"faces": {
				"north": {"uv": [1.5, 11.75, 2, 12.5], "texture": "#0"},
				"east": {"uv": [10, 1, 11, 1.75], "texture": "#0"},
				"south": {"uv": [11.75, 1.5, 12.25, 2.25], "texture": "#0"},
				"west": {"uv": [8.75, 10, 9.75, 10.75], "texture": "#0"},
				"up": {"uv": [11.25, 12.25, 10.75, 11.25], "texture": "#0"},
				"down": {"uv": [3.75, 11.5, 3.25, 12.5], "texture": "#0"}
			}
		},
		{
			"from": [2.5, 9, 9.25],
			"to": [3.5, 11, 13.25],
			"rotation": {"angle": -22.5, "axis": "y", "origin": [2.5, 8, 8]},
			"faces": {
				"north": {"uv": [8.25, 12.25, 8.5, 12.75], "texture": "#0"},
				"east": {"uv": [11.25, 3.25, 12.25, 3.75], "texture": "#0"},
				"south": {"uv": [12.25, 8.5, 12.5, 9], "texture": "#0"},
				"west": {"uv": [11.25, 9.25, 12.25, 9.75], "texture": "#0"},
				"up": {"uv": [12.5, 7.5, 12.25, 6.5], "texture": "#0"},
				"down": {"uv": [7, 12.25, 6.75, 13.25], "texture": "#0"}
			}
		},
		{
			"from": [1.96456, 5, 9.44186],
			"to": [2.96456, 7, 13.44186],
			"rotation": {"angle": -22.5, "axis": "y", "origin": [2.71456, 6, 9.44186]},
			"faces": {
				"north": {"uv": [7.75, 12.25, 8, 12.75], "texture": "#0"},
				"east": {"uv": [11.25, 0, 12.25, 0.5], "texture": "#0"},
				"south": {"uv": [12.25, 7.75, 12.5, 8.25], "texture": "#0"},
				"west": {"uv": [11.25, 0.75, 12.25, 1.25], "texture": "#0"},
				"up": {"uv": [0.25, 13.25, 0, 12.25], "texture": "#0"},
				"down": {"uv": [6.5, 12.25, 6.25, 13.25], "texture": "#0"}
			}
		},
		{
			"from": [1.96456, 4.5, 5.44186],
			"to": [3.96456, 7.5, 9.44186],
			"rotation": {"angle": -22.5, "axis": "y", "origin": [2.71456, 6, 9.44186]},
			"faces": {
				"north": {"uv": [11.5, 11.5, 12, 12.25], "texture": "#0"},
				"east": {"uv": [0, 10, 1, 10.75], "texture": "#0"},
				"south": {"uv": [0.75, 11.75, 1.25, 12.5], "texture": "#0"},
				"west": {"uv": [10, 0, 11, 0.75], "texture": "#0"},
				"up": {"uv": [9, 12, 8.5, 11], "texture": "#0"},
				"down": {"uv": [9.75, 11, 9.25, 12], "texture": "#0"}
			}
		}
	],
	"gui_light": "front",
	"display": {
		"thirdperson_righthand": {
			"translation": [0, 0.5, 0],
			"scale": [0.8, 0.8, 0.8]
		},
		"thirdperson_lefthand": {
			"translation": [0, 0.5, 0],
			"scale": [0.8, 0.8, 0.8]
		},
		"firstperson_righthand": {
			"translation": [0.25, 0.5, 0],
			"scale": [0.8, 0.8, 0.8]
		},
		"firstperson_lefthand": {
			"translation": [0.25, 0.5, 0],
			"scale": [0.8, 0.8, 0.8]
		},
		"ground": {
			"rotation": [0, -180, 0],
			"translation": [0, -0.75, 0],
			"scale": [0.85, 0.85, 0.85]
		},
		"gui": {
			"rotation": [0, -180, 0],
			"translation": [0, -0.75, 0],
			"scale": [0.85, 0.85, 0.85]
		},
		"head": {
			"translation": [0, 0.25, 0],
			"scale": [1.7, 1.7, 1.7]
		},
		"fixed": {
			"translation": [0, -0.75, -1],
			"scale": [0.95, 0.95, 0.95]
		}
	}
}