{
	"credit": "Made with Blockbench",
	"textures": {
		"0": "abyssion_texture/water_rune_3",
		"particle": "abyssion_texture/water_rune_3"
	},
	"elements": [
		{
			"from": [-8.5, 1, -8.5],
			"to": [24.5, 1, 24.5],
			"rotation": {"angle": 0, "axis": "y", "origin": [8, 1, 8]},
			"faces": {
				"north": {"uv": [1.032, 1.032, 3, 3], "rotation": 180, "texture": "#0"},
				"east": {"uv": [1.032, 1.032, 3, 3], "rotation": 180, "texture": "#0"},
				"south": {"uv": [1.032, 1.032, 3, 3], "rotation": 180, "texture": "#0"},
				"west": {"uv": [1.032, 1.032, 3, 3], "rotation": 180, "texture": "#0"},
				"up": {"uv": [15.968, 0.032, 0.032, 15.968], "texture": "#0"},
				"down": {"uv": [15.968, 15.968, 0.032, 0.032], "texture": "#0"}
			}
		}
	],
	"display": {
		"head": {
			"translation": [0, -26.5, 0],
			"scale": [2.5, 2.5, 2.5]
		}
	}
}