{
	"credit": "Made with Blockbench",
	"texture_size": [64, 64],
	"textures": {
		"0": "abyssion_texture/abyssion_bubble",
		"particle": "abyssion_texture/abyssion_bubble"
	},
	"elements": [
		{
			"from": [-0.47, -5.47, -0.47],
			"to": [16.47, 11.47, 16.47],
			"rotation": {"angle": 0, "axis": "y", "origin": [8, 3, 8]},
			"faces": {
				"north": {"uv": [0, 0, 2.75, 2.75], "texture": "#0"},
				"east": {"uv": [0, 3, 2.75, 5.75], "texture": "#0"},
				"south": {"uv": [3, 0, 5.75, 2.75], "texture": "#0"},
				"west": {"uv": [3, 3, 5.75, 5.75], "texture": "#0"},
				"up": {"uv": [2.75, 8.75, 0, 6], "texture": "#0"},
				"down": {"uv": [8.75, 0, 6, 2.75], "texture": "#0"}
			}
		},
		{
			"from": [-2.01, -3.93, 1.07],
			"to": [-0.47, 9.93, 14.93],
			"rotation": {"angle": 0, "axis": "y", "origin": [8, 3, 8]},
			"faces": {
				"north": {"uv": [2.5, 9, 2.75, 11.25], "texture": "#0"},
				"east": {"uv": [3, 6, 5.25, 8.25], "texture": "#0"},
				"south": {"uv": [10.5, 8, 10.75, 10.25], "texture": "#0"},
				"west": {"uv": [6, 3, 8.25, 5.25], "texture": "#0"},
				"up": {"uv": [10.75, 12.75, 10.5, 10.5], "texture": "#0"},
				"down": {"uv": [11.25, 2.5, 11, 4.75], "texture": "#0"}
			}
		},
		{
			"from": [16.47, -3.93, 1.07],
			"to": [18.01, 9.93, 14.93],
			"rotation": {"angle": 0, "axis": "y", "origin": [8, 3, 8]},
			"faces": {
				"north": {"uv": [6.5, 11, 6.75, 13.25], "texture": "#0"},
				"east": {"uv": [8.5, 3, 10.75, 5.25], "texture": "#0"},
				"south": {"uv": [7, 11, 7.25, 13.25], "texture": "#0"},
				"west": {"uv": [5.5, 8.5, 7.75, 10.75], "texture": "#0"},
				"up": {"uv": [7.75, 13.25, 7.5, 11], "texture": "#0"},
				"down": {"uv": [11.25, 10, 11, 12.25], "texture": "#0"}
			}
		},
		{
			"from": [1.07, -3.93, -2.01],
			"to": [14.93, 9.93, -0.47],
			"rotation": {"angle": 0, "axis": "y", "origin": [8, 3, 8]},
			"faces": {
				"north": {"uv": [5.5, 6, 7.75, 8.25], "texture": "#0"},
				"east": {"uv": [3, 11, 3.25, 13.25], "texture": "#0"},
				"south": {"uv": [8, 5.5, 10.25, 7.75], "texture": "#0"},
				"west": {"uv": [3.5, 11, 3.75, 13.25], "texture": "#0"},
				"up": {"uv": [6.25, 11.25, 4, 11], "texture": "#0"},
				"down": {"uv": [13.25, 5, 11, 5.25], "texture": "#0"}
			}
		},
		{
			"from": [1.07, -3.93, 16.47],
			"to": [14.93, 9.93, 18.01],
			"rotation": {"angle": 0, "axis": "y", "origin": [8, 3, 8]},
			"faces": {
				"north": {"uv": [0, 9, 2.25, 11.25], "texture": "#0"},
				"east": {"uv": [0, 11.5, 0.25, 13.75], "texture": "#0"},
				"south": {"uv": [9, 0, 11.25, 2.25], "texture": "#0"},
				"west": {"uv": [11.5, 0, 11.75, 2.25], "texture": "#0"},
				"up": {"uv": [2.75, 11.75, 0.5, 11.5], "texture": "#0"},
				"down": {"uv": [13.75, 2.5, 11.5, 2.75], "texture": "#0"}
			}
		},
		{
			"from": [1.07, 11.47, 1.07],
			"to": [14.93, 13.01, 14.93],
			"rotation": {"angle": 0, "axis": "y", "origin": [8, 3, 8]},
			"faces": {
				"north": {"uv": [11, 8, 13.25, 8.25], "texture": "#0"},
				"east": {"uv": [11, 8.5, 13.25, 8.75], "texture": "#0"},
				"south": {"uv": [11, 9, 13.25, 9.25], "texture": "#0"},
				"west": {"uv": [11, 9.5, 13.25, 9.75], "texture": "#0"},
				"up": {"uv": [10.25, 10.25, 8, 8], "texture": "#0"},
				"down": {"uv": [5.25, 8.5, 3, 10.75], "texture": "#0"}
			}
		},
		{
			"from": [1.07, -7.01, 1.07],
			"to": [14.93, -5.47, 14.93],
			"rotation": {"angle": 0, "axis": "y", "origin": [8, 3, 8]},
			"faces": {
				"north": {"uv": [11.5, 3, 13.75, 3.25], "texture": "#0"},
				"east": {"uv": [11.5, 3.5, 13.75, 3.75], "texture": "#0"},
				"south": {"uv": [4, 11.5, 6.25, 11.75], "texture": "#0"},
				"west": {"uv": [11.5, 4, 13.75, 4.25], "texture": "#0"},
				"up": {"uv": [12.75, 7.75, 10.5, 5.5], "texture": "#0"},
				"down": {"uv": [10.25, 10.5, 8, 12.75], "texture": "#0"}
			}
		}
	],
	"display": {
		"head": {
			"rotation": [0, -180, 0],
			"translation": [0, -4, 0],
			"scale": [3, 3, 3]
		}
	}
}