{
    "parent": "item/generated",
    "textures": {
        "layer0": "item/coal"
    },	
	"overrides": [	
		{"predicate": {"custom_model_data":1960}, "model": "abyssion_model/icon_aqua_slash"},
		{"predicate": {"custom_model_data":1961}, "model": "abyssion_model/icon_abyssal_dash"},
		{"predicate": {"custom_model_data":1962}, "model": "abyssion_model/icon_aqua_haste"},
		{"predicate": {"custom_model_data":1963}, "model": "abyssion_model/icon_tidal_wave"},
		{"predicate": {"custom_model_data":1964}, "model": "abyssion_model/icon_aqua_aura"},
		{"predicate": {"custom_model_data":1965}, "model": "abyssion_model/icon_abyssal_smash"}
	]
}