{
    "parent": "item/generated",
    "textures": {
        "layer0": "item/paper"
    },	
	"overrides": [	
		{"predicate": {"custom_model_data":1900}, "model": "abyssion_model/abyssion_water_slash_1"},
		{"predicate": {"custom_model_data":1901}, "model": "abyssion_model/abyssion_water_slash_2"},
		{"predicate": {"custom_model_data":1902}, "model": "abyssion_model/abyssion_water_slash_3"},
		{"predicate": {"custom_model_data":1903}, "model": "abyssion_model/abyssion_water_slash_4"},
		{"predicate": {"custom_model_data":1904}, "model": "abyssion_model/abyssion_water_slash_5"},
		{"predicate": {"custom_model_data":1905}, "model": "abyssion_model/abyssion_water_slash_6"},
		{"predicate": {"custom_model_data":1906}, "model": "abyssion_model/abyssion_water_slash_7"},
		{"predicate": {"custom_model_data":1907}, "model": "abyssion_model/abyssion_wave"},
		{"predicate": {"custom_model_data":1908}, "model": "abyssion_model/abyssion_bubble"},
		{"predicate": {"custom_model_data":1909}, "model": "abyssion_model/abyssion_water_rune_1"},
		{"predicate": {"custom_model_data":1910}, "model": "abyssion_model/abyssion_water_rune_2"},
		{"predicate": {"custom_model_data":1911}, "model": "abyssion_model/abyssion_water_rune_3"},
		{"predicate": {"custom_model_data":1912}, "model": "abyssion_model/abyssion_water_rune_big_1"},
		{"predicate": {"custom_model_data":1913}, "model": "abyssion_model/abyssion_water_rune_big_2"},
		{"predicate": {"custom_model_data":1914}, "model": "abyssion_model/abyssion_water_rune_big_3"},
		{"predicate": {"custom_model_data":1915}, "model": "abyssion_model/abyssion_head"}
	]
}